Greek,English
méros,part
istoriá,history
xáskō,to search
mono,only
astynomí,police
nómos,thought
voithí̱si,help
íthmosi,request
eidos,kind
mínas,month
adelfós,brother
na áfisi,to let
giatí,because
vóli̱te,to put
kaná̱nis,no
loúrí,leash
tous,them
póli,city
ka̱tḗ,each
mílise,spoke
eftási,arrived
tha éthiké,should
mório,baby
polí kaíró,long time
óres,hours
tha,will
énos,while
gia na xanthasýnetís,to meet again
ka̱tḗ,any
platyeía,square
mi̱lṓ,speak
katalaba,understood
éxeira,knew
í̱tan,were
proséxeí̱,Warning
edó eínai,here is
tha posoú̱na,could
υπόθεση,case
do̱soú̱,to give
týpos,type
tous,their
do̱thḗ,given
tréno,train
sóma,body
méros,place
mátia,eyes
trópos,way
akó̱u̱,listen
onóma,whose
vreíte,to find
prṓtos,first
hámenon,lost
chéri,hand
prṓtē,first
plḗkhra,side
dýnami,power
palaió,old
eínai,be
edó,here
proí̱no,morning
polí,so much
paidí,child
símion,point
íra,came
metá,after
sighnṓmi,sorry
érkeste,come
pro̱paí̱,in front of
pros,towards
lepta,minutes
zýtise,requested
domá̱tio,bedroom
topotheimenos,placed
omóros,beautiful
dikaío,law
tha ēthela,would like to
símera,today
sýzugos,husband
lógos,cause
téssis,end
elpí̱s,hope
Néro,water
perípate,Wait
éxige,left
néos,new
do̱u̱lia,job
diakopsí,stop
tha élege,would say
Gḗ,